ID_CLIENTE,CEDULA,NOMBRE,APELLIDO_UNO,APELLIDO_DOS,FECHA_INS
1,3512557,Randall,Centeno,Vargas,2020-10-20
2,215055284,Gael,Nairy,Haine,2020-04-03
4,160144007,Ethelind,Cansdill,Yerrington,2019-09-18
6,227123884,Karlens,Spurier,Killingbeck,2019-09-14
9,290835542,Gamaliel,Braidwood,Keynd,2019-10-19
14,163986376,Marcelle,Dawidowitsch,Blindmann,2019-07-01
15,483094700,Remus,Boam,Kirsche,2020-02-08
22,138018866,Lurline,Schultheiss,Savory,2019-07-25
25,730924416,Averil,Hanne,Cartmer,2019-01-05
28,512034893,Warren,Gothard,Benitti,2020-06-17
30,668587263,Jessey,Motherwell,Hewins,2019-12-13
33,260679367,Karena,Fifoot,Falco,2020-06-03
35,288240472,Ophelie,Gidman,Deathridge,2019-01-03
36,124432903,Elvin,Edmead,McElwee,2020-02-03
42,684167316,Dino,Yerlett,Prettyjohns,2019-05-02
45,563322400,Millisent,Yarranton,Mauro,2020-02-28
46,294527110,Barby,Remon,Chinnock,2019-09-10
47,144171650,Jess,Gilbertson,Masdon,2020-01-31
51,395536674,Syman,Philippart,Espadero,2019-11-07
53,518440894,Peri,Dorwood,Kinnett,2020-08-21
54,474052484,Harv,Sacaze,Naile,2020-02-24
59,475683263,Nellie,Flag,Ostler,2019-08-25
61,605812149,Coleen,Burgwyn,Kinkaid,2019-09-28
66,107606508,Lambert,Silcox,Piddock,2019-03-21
67,451982794,Niel,Tupie,Shimuk,2019-07-30
70,220768317,Ceil,Guiet,Assante,2020-01-08
73,128376649,Rosamond,Mullenger,Barstow,2019-06-17
75,351546606,Drucie,Dullaghan,Morrad,2020-01-06
76,390103552,Annamarie,Peal,Orgel,2019-06-25
80,798594827,Stephenie,Klee,Flay,2020-07-24
82,344276890,Diann,Bertson,Draysay,2019-07-21
86,253519033,Jordon,Luney,Earley,2020-09-27
87,195720447,Kingsley,Osorio,Scimone,2020-08-09
91,663615767,Eve,McMahon,Blemings,2020-11-10
94,661002176,Judd,Conklin,Domoni,2019-06-02
96,102701124,Andria,Wrightham,Glasheen,2020-05-25
97,185922261,Sileas,Mills,Clutterham,2019-12-09
98,477987054,Jessamyn,Bayles,Spaducci,2019-10-17
100,311759357,Ira,Mumby,Ree,2019-11-07
101,651221979,Marabel,Tilson,Gentzsch,2020-06-26
102,537896818,Carroll,Di Dello,Rawcliffe,2020-02-07
103,787296029,Ara,Hugnet,Jaggli,2020-06-09
107,201989515,Ruttger,Cord,Tilte,2019-08-22
109,554152054,Alonso,Ryding,Hassall,2019-12-17
114,222975783,Consuela,Cunio,Crosgrove,2020-10-20
116,483208436,Garvey,Peffer,Redan,2020-09-02
123,489701772,Dore,Dingwall,Chater,2020-04-03
125,561903472,Barbette,Dymott,Broe,2019-06-22
127,228243955,Hershel,Ney,MacRierie,2019-03-09
132,318307754,Larissa,Krzysztofiak,Rishbrook,2019-09-24
133,278638017,Henriette,O'Dare,Goodfield,2019-08-14
135,521915783,Bruis,Humphrey,Hodcroft,2020-06-14
136,642547156,Jephthah,Castangia,Thornborrow,2020-08-15
137,494227646,Rochell,Buddleigh,Pawson,2019-03-12
140,212284676,Adriana,Galbraeth,Vsanelli,2020-06-16
145,214826223,Neale,Benediktsson,Poundford,2019-09-13
159,737482200,Sax,Biddlestone,Vickery,2019-09-11
161,446318452,Nessa,Fraschetti,Strahan,2019-09-24
162,306290126,Kerrill,Enright,Natwick,2019-07-18
165,140048674,Beverly,Tofanelli,Proschek,2020-03-03
172,305875128,Aluino,Shafier,Foston,2020-11-12
175,725760934,Sloane,Kemmons,Sherlaw,2019-05-13
177,288713712,Pip,Pinnion,Clemmett,2019-09-06
183,588395579,Margaretha,Gaskal,Wetherburn,2019-07-29
186,397583038,Dynah,Perris,Tulip,2020-03-31
188,570237354,Nathan,Blackstone,McEwan,2020-01-14
190,480719856,Dyan,Enderle,Lightning,2019-11-24
195,308711386,Leroi,Ipgrave,Prichard,2019-01-02
198,380695687,Terrance,Francello,Easbie,2019-03-30
199,681226600,Zachary,Brandenberg,Bolam,2019-04-16
215,735917955,Bruce,Skone,Bucknall,2019-02-01
219,267139991,Ianthe,Hussy,Barthelet,2019-10-19
221,324203233,Moria,Bolding,Jansey,2020-05-31
222,382226324,Emelina,Penke,Probin,2019-03-10
223,126927573,Inga,Le Fevre,Americi,2019-04-23
225,163395510,Brendis,Springtorpe,Sanham,2020-08-02
230,625990802,Oren,Overell,Ungaretti,2020-11-29
231,669985367,Corena,Flatley,Duesberry,2019-05-16
236,712404590,Norri,Epelett,Eddolls,2020-12-01
238,130167784,Chryste,Doorbar,Lidgey,2020-05-25
245,606668954,Alyce,Priestner,Watmough,2019-09-07
247,649376412,Charin,Lidington,Hovy,2020-11-21
252,164672225,Freida,Brimacombe,Gandey,2019-10-11
253,199292951,Ancell,Lattimore,Muzzlewhite,2020-08-05
255,292168090,Aurelea,Kettlestringe,Dimitrijevic,2019-08-18
256,336510809,Lilia,Blatchford,Szimon,2019-05-29
262,172359420,Rodina,Byram,Pactat,2020-10-04
269,414153906,Teddie,Duchant,Dienes,2019-03-09
271,466145765,Gianina,Hovenden,Orpin,2020-03-21
274,223292019,Rooney,Hiddersley,Ruler,2019-07-30
277,174216423,Garnet,Curm,Gillivrie,2020-08-28
280,714843064,Aldis,Anton,Harbison,2019-08-24
285,529717623,Shirley,Farndell,Farbrother,2020-04-02
286,784695661,Della,Scottesmoor,Gaiter,2020-04-03
291,396952979,Haskel,Melly,Pyford,2019-11-06
295,202849274,Felicia,Delaney,Phateplace,2020-02-06
298,534672829,Ekaterina,Kasting,Gamwell,2020-09-16
301,702193247,Dee,Behneke,Crinkley,2019-02-28
307,768456876,Chelsae,Yushachkov,MacTrustrie,2019-07-09
309,717904781,Dominic,Hlavecek,Schwand,2019-12-14
310,300047161,Hayes,Denziloe,Twining,2020-08-23
313,216610178,Lissy,Gaffon,Pagel,2019-08-15
314,388220117,Rossy,Tippler,Bedingfield,2019-02-04
316,375615006,Kirstyn,Petrushkevich,Vreede,2020-01-08
318,705679184,Brunhilda,Rotte,Tenwick,2020-06-16
320,323504350,Chico,Feldmus,Klassmann,2019-02-08
321,684288961,Flint,Pirdy,Willcot,2019-04-01
323,407908834,Keelby,Doone,Dregan,2020-10-10
328,478025917,Stanislas,Gethouse,Twaite,2020-02-14
334,341230972,James,Glenton,Heigho,2020-02-09
337,628672213,Jessie,Zoren,Sofe,2020-01-30
340,412990147,Anatollo,Kingscote,Polamontayne,2020-06-01
345,301294493,Mercy,Leil,St. Ledger,2020-03-17
346,736241665,Merrel,Attrill,Pay,2019-05-10
349,514553539,Stevana,Cratchley,Mulvin,2019-04-15
353,220833168,Malanie,Adney,Crann,2020-12-02
355,548408867,Zia,Vezey,Gonzalez,2019-11-08
358,399702758,Ealasaid,Cossum,Asplin,2019-08-28
364,226712186,Fredelia,Harmar,Ellard,2019-07-07
368,573318507,Dallis,Christensen,Bunten,2020-08-14
374,344004620,Hettie,Elgood,Legat,2020-11-26
378,712511495,Jessamine,Braim,Saffle,2019-04-07
381,723854432,Filippo,Studdert,Tozer,2019-04-24
383,368045572,Rogerio,Dries,Stuttard,2019-03-13
384,186111007,Kent,Dozdill,Droghan,2020-02-02
385,768363197,Tansy,McVeagh,Derks,2019-01-27
391,624354852,Normy,Melloy,Swepstone,2019-11-26
393,608865160,Laney,Kief,Sterndale,2019-02-07
398,355804786,Fanny,Selvey,Jennaway,2020-09-23
401,313077185,Janeczka,Challis,Willmer,2019-02-13
403,489015560,Nancy,Smeeth,Cona,2020-02-16
404,792967922,Monah,Poulton,Hearsey,2020-05-24
417,408499118,Leia,Wolvey,Aleksankov,2019-03-09
418,271321132,Dag,Lewzey,Writer,2019-07-25
425,159882002,Brodie,Tugman,Drife,2020-10-10
427,784643299,Dav,Jack,Simoneau,2019-10-30
429,575355332,Rochella,King,Paradin,2020-10-24
441,503179856,Claudie,Wrightson,Luty,2019-05-18
442,498307393,Robinett,Emeline,Vanyashin,2020-02-17
444,363326416,Sherwin,Edmed,Blencoe,2019-11-12
445,139620337,Patrizio,Tattershaw,Widmore,2019-02-16
446,649789372,Wilbur,Oppery,Shrawley,2020-12-07
450,533763171,Arthur,Glanville,Forrestor,2019-03-02
451,769062744,Cassaundra,Casillis,Leppington,2020-02-09
453,571832616,Cthrine,Kenwell,Benton,2019-04-02
456,694321841,Ranna,Mulles,Padula,2020-10-06
459,483509075,Lanie,Plom,Mertel,2020-06-20
461,754615242,Nahum,Mattisssen,Allatt,2020-12-06
463,223904860,Angil,Sabine,Matevushev,2019-04-19
469,661550361,Nisse,Ronaldson,Bandy,2019-12-31
470,243281419,Hillie,Horribine,Parell,2019-02-11
477,589903674,Beret,Winnett,Pollendine,2020-08-21
478,302653397,Valera,Musprat,Truscott,2020-02-21
480,254610475,Wilbur,Naughton,Zealey,2019-12-20
481,751312698,Violante,Milillo,Morston,2020-11-08
491,208846788,Bamby,Rew,Tebboth,2019-05-11
495,566080428,Ruthanne,Pilgrim,Gariff,2019-08-02
497,303471191,Ash,Galero,Boshard,2019-08-29
499,364841247,Harrie,Perell,Boulds,2019-09-24
507,587992307,Murial,Victor,Sweeting,2019-05-04
509,593171240,Heywood,Diggle,Claughton,2020-01-20
514,560724384,Sanford,Lilford,Lennard,2020-09-14
515,404205758,Allissa,Brickner,Sivills,2020-12-05
522,233618522,Lavinie,Hempshall,Pentin,2020-01-01
523,344353238,Charmine,Graalman,Waldrum,2019-09-27
528,258323053,Marylin,Trippick,Wildgoose,2019-03-15
531,338694842,Aeriela,Bazylets,Dakers,2020-03-12
536,559969567,Onida,Dries,Loughran,2019-07-29
537,307573268,Reggi,Farman,Tomasik,2019-04-08
547,578689959,Dionisio,Flint,Eminson,2019-08-21
548,193852591,Madelina,Perrottet,Filippi,2020-10-08
552,603671869,Jillana,Crosen,Fewell,2019-07-15
554,765765303,Peggy,Scougall,Hinrich,2020-09-12
556,671992788,Desiree,Osgerby,Streets,2019-04-18
562,513266592,Mycah,Langmuir,Clow,2020-12-26
564,714195167,Mariam,Byrnes,Young,2019-08-30
571,640837231,Phaedra,Foster-Smith,Conklin,2020-07-24
578,796708942,Aubry,Danson,Bauckham,2020-09-16
591,316432790,Estrellita,Brigg,Pentelow,2019-12-24
597,441162047,Ronalda,Corradengo,Ell,2019-08-06
599,779095949,Zenia,Heffron,Jaram,2019-03-29
600,363490635,Rob,Bick,Stidever,2019-10-30
602,186798125,Ashla,Gallelli,Mayes,2019-11-15
606,446336052,Karlie,Rattery,Onyon,2020-08-08
607,425474328,Allyn,Humphrey,Hodgen,2019-12-24
608,599693279,Carlyn,Simnett,Figin,2019-10-05
609,109756739,Marie-ann,Edgin,Penner,2020-08-28
620,494704602,Marten,Constanza,Allsepp,2019-01-20
621,529553734,Nicolle,Trehearne,MacRory,2019-01-20
623,423311420,Sadella,Finley,Corbert,2020-04-04
627,731528456,Adrianne,Stopford,Nortcliffe,2020-12-30
629,626692868,Audi,Dudding,Bartoszewski,2020-09-02
630,465375526,Tim,Colmore,Scafe,2019-04-30
635,272482274,Henry,Dewett,Loche,2019-12-07
637,739183017,Ailee,Heck,French,2020-06-24
638,277974378,Mic,Mumm,Cancellario,2020-01-14
639,299469302,Catherin,Emons,Ludwig,2020-12-07
640,391313734,Polly,Blais,Trevallion,2020-07-15
643,289114565,Deanne,Kohtler,Tebbit,2019-09-27
649,598675867,Ronnica,Broady,Damiata,2019-07-20
652,594043075,Arlin,Munkley,Frances,2020-10-13
653,155801938,Manuel,Doogood,Croux,2020-03-29
656,169646797,Cody,Wakeley,Recher,2019-08-20
659,487481768,Haydon,Ciabatteri,Vickerman,2020-02-15
660,744364014,Mose,Boldt,Foden,2019-07-01
664,187398002,Nara,Von Oertzen,Coutts,2020-02-10
668,495593182,Carolann,Punton,Simmonds,2019-10-09
672,662407107,Mercy,Matushevich,Haskur,2019-12-27
673,135620398,Portie,Wisdish,Boyle,2019-09-30
674,137070602,Simona,Schottli,Plevin,2019-01-06
675,680585858,Harwilll,Melling,Charkham,2020-05-25
676,328621138,Fair,Stanbro,Duligal,2020-10-22
678,547141606,Franky,Neighbour,Khomich,2019-06-19
682,604695440,Brita,Dring,Le Fleming,2019-09-11
684,279904859,Jessy,Reppaport,Hansberry,2020-05-04
688,205337876,Kate,Chaplain,Alliston,2019-05-13
690,536284896,Dion,Kermon,Doward,2019-07-05
695,769157288,Hamnet,Ferenczy,Dyball,2020-09-30
700,473554521,Kerstin,Lewry,Trott,2020-04-29
701,655939198,Hermina,Gladhill,Hodjetts,2019-05-20
705,320959165,Darci,Aldritt,Harcourt,2019-09-30
706,688671350,Madelle,Flatt,Pohlke,2020-08-24
707,518794415,Axe,Van Baaren,Duinbleton,2019-04-24
708,584322686,Kristoffer,Stanbro,Arkin,2019-11-29
709,109184990,Marchelle,Yarnell,Kares,2020-05-05
710,244756656,Garik,Ballentime,Attenbrough,2020-05-12
711,228200557,Merla,Cullen,Hurst,2020-04-26
712,539951181,Sophie,Isted,O'Shevlan,2020-01-29
716,134743206,Nicoline,Kinsey,Schiersch,2020-07-06
719,635570864,Ross,Matushevich,Haimes,2020-12-04
720,414578691,Frederigo,Heel,Kemet,2020-06-10
723,284820532,Josee,Hovy,Biermatowicz,2020-02-21
726,779351073,Lanie,Crome,Laytham,2020-10-19
729,758028774,Mariel,Cleator,Filipic,2020-06-09
732,239296719,Zared,Dunnet,Joscelyne,2019-12-28
736,302534117,Celie,Mordue,Babonau,2020-01-04
740,464044925,Korie,Eskrick,Chatenier,2020-08-30
743,613350552,Martica,Lorraine,Moyler,2020-11-04
747,517324220,Lon,Venable,Duns,2020-05-12
752,131961777,Izak,Keuning,Dyte,2019-12-26
753,520959141,Jane,Troubridge,Ganforthe,2020-03-24
755,336179586,Abby,Bradwell,Dumpleton,2019-04-11
758,748089327,Friedrich,Eynaud,Wonter,2019-06-03
761,417352161,Jeralee,Albert,Lukas,2020-11-15
762,613384910,Glad,Ryves,Sivell,2019-05-24
763,101450933,Willie,Lambrechts,Kittle,2019-04-20
766,374815223,Katrine,Thomas,Anchor,2019-05-25
768,570059210,Neda,Thornbarrow,Urquhart,2020-10-01
769,235148851,Redford,Bloy,McGeorge,2020-02-15
770,165615691,Kendall,McPaik,Spiller,2019-02-28
772,751972237,Hercule,Meigh,M'Chirrie,2019-09-03
781,792648428,Farrel,O'Mullally,Kemwall,2020-07-31
782,657476421,Marlow,Imms,McAlester,2019-05-21
783,511644334,Ardys,Bisacre,Extill,2019-08-18
784,183728898,Judas,Poletto,Presnail,2020-04-13
787,491735096,Courtney,Vaughan-Hughes,Terbrugge,2020-05-14
790,628028648,Helga,Andress,Opie,2020-07-21
791,683155943,Mic,Petrillo,Vlasyuk,2020-01-25
795,548815020,Bellanca,Chrishop,Pobjoy,2019-03-31
801,745849420,Anette,Dufer,Baunton,2019-08-01
803,479456276,Zachery,Murrey,Derycot,2020-07-23
804,475770394,Ximenez,Fayer,Pindred,2020-04-11
805,154930144,Lilyan,Lester,Bouskill,2019-03-04
806,720738213,Robin,Sherringham,Ewles,2019-11-23
812,558757030,Augustus,Constable,Gallemore,2020-02-05
814,715261948,Clayborne,Aveline,Sandey,2019-10-12
815,380245102,Jayme,Cooksey,Dewsnap,2020-02-07
816,774894544,Rozelle,Dibbe,Blaase,2020-12-04
817,148500846,Daisy,Merrywether,Humfrey,2020-01-14
819,573445346,Normy,Rase,Tigner,2020-08-24
830,209701511,Stearne,Guwer,Antoniutti,2019-08-18
831,163865722,Maggy,Seagrave,Tyson,2019-05-16
833,423948840,Libbey,Tennison,Cattrell,2019-10-16
834,611463880,Jessee,Kitchener,Ragsdale,2019-07-21
839,510684289,Lura,MacNeillie,Lapley,2020-06-28
842,585301476,Elnore,Bartalin,Dowey,2019-12-02
845,405336678,Arte,Mote,Crinson,2019-01-30
848,235192214,Chandal,Nesbitt,Kumar,2019-08-19
849,574838714,Kasper,Rolse,Aidler,2020-07-06
852,319600145,Delano,Ledster,Emanson,2019-06-05
854,244644543,Tyrone,Codman,Soaper,2020-03-21
860,517129380,Chan,Bullard,Longbothom,2019-02-05
862,587924525,Saundra,Chumley,Erdely,2020-08-14
865,170120025,Orren,Stenett,Purkess,2019-03-04
868,575707690,Thedrick,Pearson,Woolford,2019-06-29
869,464227210,Jewel,Wolver,Pickance,2020-06-08
870,151811519,Margot,Lamas,Hinze,2019-04-20
872,320527914,Panchito,Verrier,Fetherston,2019-12-30
876,605049945,Mohandis,Miebes,Fullom,2020-03-13
878,698574502,Blakelee,Eck,Brendeke,2020-04-15
881,572451615,Gwendolen,Branno,Deacock,2020-05-03
882,731960168,Walther,Redemile,Salomon,2020-11-03
885,150980988,Randal,Holburn,Richemont,2020-01-14
887,201308779,Fancy,Whettleton,Embra,2020-05-14
897,214730762,Layney,Simonin,Atkin,2019-05-11
898,183143144,Devina,Colgan,Hutten,2020-07-31
902,314402679,Luciana,Collinwood,Croy,2020-05-10
908,780466815,Gavin,Pexton,Gilhouley,2019-01-20
910,408196612,Bil,Skittrall,Mannakee,2019-12-09
911,498848423,Jimmie,Linnock,Balasini,2020-01-04
920,158232609,Hogan,Wildbore,Johnys,2019-04-23
922,270620789,Jannel,Philippson,Aspole,2019-10-13
928,674652664,Danielle,Timberlake,Ervin,2020-12-25
930,123507362,Dawn,Armitt,Conroy,2020-06-11
934,592901312,Adolpho,Kestin,Eby,2019-04-25
936,590866265,Miguel,Ottiwill,Rodolphe,2019-01-07
939,105932098,Olenka,Patient,Mackney,2019-01-20
941,227673653,Rustin,Domb,Oak,2019-04-16
943,191952369,Abby,Rolls,Spong,2019-02-13
948,729800184,Dud,Levet,Mollitt,2019-06-17
952,363261188,Ole,Eisikovitsh,Shynn,2019-02-13
953,277289066,Ranique,Bener,Matessian,2020-01-30
958,440653347,Gracie,Duinbleton,Seden,2019-04-30
962,106642216,Jessamyn,Peschet,Bayston,2019-09-03
970,162430459,Twyla,Floodgate,Pracy,2019-03-09
974,137839512,Leia,Derham,Elacoate,2020-05-29
975,208157959,Bertha,Berens,Saphin,2019-03-02
976,507748534,Toiboid,Roistone,Lyon,2020-02-27
977,299332089,Helsa,Ferrer,Housiaux,2019-11-15
980,568889076,Law,Epton,Nazareth,2020-01-29
981,527483653,Taddeo,Figg,Brixham,2019-03-26
989,695339363,Raviv,Stoakley,Fludgate,2019-11-13
1000,756910834,Alanson,Brockbank,Samuels,2020-10-27
