ID,CORREO,ID_CLIENTE,FECHA_INS
1,dallcroft0@printfriendly.com,926,2020-12-23
2,nsloam1@usa.gov,116,2019-09-16
3,tcurneen2@virginia.edu,592,2019-11-12
5,mbeldam4@va.gov,837,2020-09-07
6,afairley5@ehow.com,478,2019-08-01
12,cplinckb@example.com,261,2020-07-10
14,eschoolfieldd@cnet.com,226,2020-05-18
16,aswinerdf@imageshack.us,798,2020-09-28
20,sevesquej@miitbeian.gov.cn,303,2019-11-11
24,votsonn@java.com,684,2020-12-27
28,rcottomr@telegraph.co.uk,823,2019-07-25
29,spomeroys@washington.edu,923,2019-06-20
30,bvolkt@jimdo.com,592,2020-10-07
31,krobottomu@telegraph.co.uk,202,2020-04-12
32,ahurcombev@ocn.ne.jp,162,2019-04-26
34,emounfieldx@bigcartel.com,753,2019-02-20
35,ebugbirdy@ted.com,811,2019-04-16
38,ibott11@ibm.com,846,2020-08-25
40,pkharchinski13@reverbnation.co,144,2019-12-07
42,plevane15@cmu.edu,513,2020-10-02
46,mwickstead19@163.com,229,2019-03-29
50,lmccreery1d@amazon.co.uk,740,2020-12-04
51,amarusic1e@dailymail.co.uk,106,2020-10-16
53,tslimings1g@time.com,470,2020-05-22
54,sgeroldo1h@patch.com,784,2020-10-27
55,gbroster1i@bloomberg.com,813,2019-12-25
56,tfitchen1j@zimbio.com,508,2020-05-14
61,aengall1o@vk.com,682,2020-11-13
65,hcoste1s@irs.gov,10,2020-07-08
67,geymor1u@etsy.com,958,2020-11-04
68,eandriolli1v@auda.org.au,31,2019-06-17
78,ggeldeford25@slideshare.net,583,2019-12-31
81,gvawton28@epa.gov,145,2019-10-12
83,schamperlen2a@toplist.cz,961,2019-05-07
84,bbonellie2b@princeton.edu,304,2019-03-07
85,walesin2c@multiply.com,327,2019-03-26
87,ljepson2e@bbb.org,367,2020-10-03
88,mgrocock2f@senate.gov,238,2019-11-27
91,gwinkless2i@pen.io,462,2020-09-11
94,hkleynen2l@nasa.gov,65,2019-07-28
99,eburton2q@reddit.com,531,2020-07-11
105,jbartolomucci2w@tuttocitta.it,490,2019-01-15
106,lbraven2x@php.net,827,2020-01-24
111,bdimont32@java.com,415,2020-12-17
114,hemanulsson35@mail.ru,399,2020-07-21
116,mdjordjevic37@house.gov,366,2020-11-09
117,abavage38@hexun.com,772,2020-04-29
121,jtackett3c@sakura.ne.jp,732,2019-07-07
122,sgutridge3d@imgur.com,430,2020-01-23
126,kchivers3h@ed.gov,929,2020-07-14
128,hbortolotti3j@irs.gov,13,2020-04-22
130,fstoney3l@g.co,250,2020-02-26
131,bsherwell3m@wufoo.com,907,2020-01-03
132,kcoulthard3n@w3.org,264,2020-02-11
135,osackey3q@mysql.com,374,2020-02-09
141,fclinch3w@weibo.com,154,2019-01-23
142,bschuck3x@cbslocal.com,291,2019-10-24
145,jhakey40@elegantthemes.com,447,2019-12-09
147,aludlom42@ebay.co.uk,395,2020-04-07
148,jconroy43@newsvine.com,987,2019-05-06
152,msimonelli47@google.fr,782,2019-10-01
155,dfancy4a@comcast.net,182,2019-01-17
158,lgreenhaugh4d@msu.edu,413,2020-05-23
161,fmacklam4g@comsenz.com,445,2019-02-28
164,mhallstone4j@google.com,855,2020-06-20
165,hdunbar4k@wix.com,841,2020-10-30
166,sseckom4l@marketwatch.com,700,2020-04-10
174,mbonnick4t@sogou.com,739,2020-08-18
175,rmcilmurray4u@si.edu,785,2019-01-26
177,castlatt4w@dedecms.com,847,2019-10-06
178,bbecke4x@dagondesign.com,294,2019-10-06
180,fhenrie4z@wp.com,864,2020-03-26
182,erussam51@wikispaces.com,87,2020-03-19
189,fclackson58@indiatimes.com,977,2019-12-16
190,medler59@uiuc.edu,261,2020-08-28
198,cboreland5h@tinypic.com,752,2019-03-23
201,rmozzi5k@friendfeed.com,788,2020-06-17
202,vgaudon5l@devhub.com,793,2020-02-20
204,mbowdidge5n@nih.gov,122,2019-01-08
217,bstocker60@elegantthemes.com,962,2020-03-09
220,gsweeny63@ow.ly,751,2019-05-12
222,lskrzynski65@yandex.ru,760,2019-06-17
224,hsurcombe67@etsy.com,407,2020-12-18
225,caveline68@liveinternet.ru,790,2020-07-31
229,scockling6c@nytimes.com,365,2020-01-20
232,cgramer6f@sun.com,221,2019-10-26
233,fmorrowe6g@issuu.com,65,2019-02-08
235,rimesen6i@walmart.com,219,2020-12-07
241,ztorrance6o@techcrunch.com,406,2019-08-08
243,wadney6q@ucla.edu,68,2019-06-13
245,ccrossley6s@typepad.com,678,2019-12-02
251,wjuckes6y@mashable.com,19,2020-03-02
258,nmontford75@mail.ru,664,2019-04-27
261,astopher78@goo.ne.jp,962,2020-01-22
263,nulrik7a@about.com,384,2019-11-14
266,lcleaton7d@hud.gov,653,2019-11-25
267,otheakston7e@ameblo.jp,253,2019-04-25
268,cfanstone7f@networksolutions.c,622,2020-04-27
274,mdockrey7l@mapy.cz,809,2019-10-28
277,pklainman7o@slate.com,691,2019-09-03
286,ccoggeshall7x@linkedin.com,545,2019-03-04
289,agrice80@webnode.com,717,2019-08-10
292,bkinzel83@prnewswire.com,215,2020-04-25
293,awallsam84@photobucket.com,297,2020-12-19
295,mbody86@loc.gov,987,2020-08-20
301,aaizik8c@bing.com,449,2020-05-07
313,jkleinhausen8o@hubpages.com,689,2019-03-02
314,mjonsson8p@army.mil,598,2019-12-06
315,sbaddow8q@etsy.com,600,2019-08-23
320,bleece8v@skype.com,904,2020-02-21
322,geasman8x@w3.org,653,2020-11-29
329,hcreebo94@nih.gov,767,2019-12-19
333,vessery98@cargocollective.com,783,2020-07-21
335,dpurchall9a@sbwire.com,630,2019-01-11
341,fbiddles9g@about.com,689,2019-01-22
348,heschelle9n@google.com,720,2020-10-01
355,awhitman9u@usgs.gov,337,2020-07-22
358,wpetken9x@hubpages.com,61,2020-08-03
359,ncoopey9y@chronoengine.com,349,2019-11-30
361,gsollya0@mayoclinic.com,182,2019-05-10
362,tshortoa1@github.com,380,2020-06-01
365,lpirsona4@latimes.com,352,2019-11-06
366,tascougha5@thetimes.co.uk,797,2019-03-31
367,acassellsa6@gravatar.com,591,2020-08-20
371,eallanaa@yellowpages.com,105,2020-12-07
373,spedersenac@behance.net,324,2019-06-06
374,lnorkettad@artisteer.com,936,2020-01-22
376,llaityaf@canalblog.com,47,2019-04-17
377,bfoshag@wired.com,114,2019-08-14
382,sclearsal@1und1.de,65,2019-08-16
384,ihynaman@cocolog-nifty.com,166,2019-04-29
386,amorotap@harvard.edu,954,2020-02-17
387,kounsworthaq@dedecms.com,80,2020-04-30
391,jkittlesau@si.edu,560,2019-01-23
394,enessax@mtv.com,227,2019-12-21
396,ldeboickaz@flavors.me,798,2019-10-22
405,lrawlingsb8@sina.com.cn,506,2019-12-26
407,kstillwellba@sohu.com,597,2020-04-03
409,omallallbc@wunderground.com,692,2020-12-04
419,sbeldanbm@slideshare.net,243,2019-10-23
420,faistropbn@wsj.com,372,2020-03-23
421,mstratiffbo@uol.com.br,51,2019-06-05
423,rsleitebq@yolasite.com,18,2020-04-28
424,lheggbr@myspace.com,591,2020-07-15
427,pferraresebu@gov.uk,844,2019-01-19
428,rbrandrickbv@github.com,19,2020-12-06
429,aullrichbw@slashdot.org,96,2020-03-20
432,bmeaneybz@squidoo.com,285,2019-10-03
433,mkenrydc0@ezinearticles.com,150,2019-06-02
434,bbaberc1@gnu.org,601,2019-10-23
442,dsanzc9@virginia.edu,699,2019-09-06
452,mgozardcj@chronoengine.com,441,2019-07-08
453,kbartolomivisck@google.com.hk,897,2020-08-12
465,sbeveredgecw@dailymotion.com,95,2020-05-07
470,bphillippsd1@mozilla.com,724,2020-11-18
473,rjossed4@elpais.com,35,2020-12-27
475,ssiddend6@spiegel.de,936,2020-01-11
479,ckhalidda@hc360.com,898,2020-07-03
481,pdetloffdc@hp.com,677,2020-01-31
485,dfirpidg@merriam-webster.com,978,2020-02-21
496,pradwelldr@irs.gov,585,2020-05-19
499,ekelemendu@hc360.com,18,2019-01-28
503,ebarringtondy@businessweek.com,229,2020-07-22
510,jsodore5@dropbox.com,401,2020-11-15
513,jshortone8@mlb.com,312,2020-01-04
515,pgatesea@drupal.org,35,2020-04-15
518,mwaldocked@rakuten.co.jp,466,2019-07-20
520,tmacgilfoyleef@miibeian.gov.cn,409,2020-02-28
530,frihaep@harvard.edu,636,2020-04-19
533,fboscheres@ning.com,523,2020-03-01
536,rmarkwellev@harvard.edu,209,2020-05-28
538,ashieberex@acquirethisname.com,946,2020-09-28
545,heschef4@si.edu,332,2019-12-20
552,pgronallerfb@wordpress.com,183,2019-05-09
559,ebarnewellfi@cbc.ca,357,2019-09-26
562,cburnsellfl@purevolume.com,513,2019-01-28
563,dnicholasfm@netscape.com,749,2020-10-20
566,grodmellfp@unc.edu,292,2019-07-28
571,zwynefu@ox.ac.uk,604,2020-05-14
577,mroblettg0@usnews.com,342,2020-03-09
579,jeckertg2@ovh.net,252,2019-06-21
580,nanderschg3@mac.com,68,2019-09-16
586,hcaretg9@wikispaces.com,67,2020-05-16
591,tcammoilege@youtu.be,738,2019-03-01
596,lheggesgj@wordpress.com,455,2019-04-26
610,shelingx@hibu.com,73,2020-09-29
611,fjacsongy@123-reg.co.uk,655,2019-04-21
612,gpidgengz@blinklist.com,892,2020-08-23
614,mmeritonh1@globo.com,340,2019-11-11
615,agreenroydh2@google.com.au,949,2019-11-05
622,rnaughtonh9@forbes.com,252,2019-07-10
623,lwindrusha@thetimes.co.uk,185,2019-11-07
624,iriddlerhb@vkontakte.ru,648,2020-05-15
625,ftortoishellhc@geocities.jp,584,2019-10-29
626,lboucherhd@un.org,982,2019-01-13
627,lfallowshe@bravesites.com,560,2019-09-13
628,sostickhf@samsung.com,993,2020-12-07
629,odillintonehg@omniture.com,679,2020-07-03
639,nbernardeauhq@umn.edu,581,2020-09-25
641,priccioppohs@msn.com,831,2019-05-14
642,afennellht@nytimes.com,582,2020-11-24
654,vjouandeti5@unesco.org,736,2020-04-17
656,cfianderi7@google.com.br,233,2019-05-24
658,apetrollii9@mail.ru,823,2020-01-19
663,fgonie@yahoo.co.jp,727,2019-07-11
670,cchoppinil@imgur.com,251,2019-05-16
681,lprodrickiw@facebook.com,430,2019-01-06
684,rdibnahiz@booking.com,412,2019-06-29
687,ovacherj2@archive.org,314,2020-10-13
690,tcopnallj5@upenn.edu,866,2019-02-02
693,eriggeyj8@w3.org,445,2019-01-06
696,lfuxmanjb@miitbeian.gov.cn,922,2020-09-07
697,mmeasorjc@independent.co.uk,206,2020-02-21
700,jtortoishelljf@tuttocitta.it,405,2019-04-15
705,amacleodjk@theatlantic.com,890,2019-06-28
728,aravelusk7@parallels.com,512,2020-07-20
730,nosesnanek9@networksolutions.c,325,2020-07-23
732,jborgekb@sitemeter.com,556,2019-12-04
733,orajchertkc@pen.io,402,2019-09-29
735,mdemangeke@imgur.com,544,2020-08-08
741,bboddiskk@deliciousdays.com,599,2019-05-30
743,gcavankm@ifeng.com,258,2020-02-26
745,sflottko@oaic.gov.au,540,2019-12-23
747,dringkq@nymag.com,715,2019-08-26
749,rpablosks@stumbleupon.com,531,2019-07-06
753,echecokw@pbs.org,75,2020-02-02
762,cwoodlandsl5@loc.gov,507,2020-02-14
765,tmcmahonl8@chron.com,436,2020-01-24
766,pklulicekl9@gravatar.com,596,2020-09-04
768,sspinaslb@sphinn.com,179,2019-10-06
769,hgrimmolbylc@walmart.com,238,2019-01-01
771,thoxeyle@sun.com,390,2019-02-15
778,fhuburnll@google.com,367,2020-05-16
780,felietln@ameblo.jp,849,2019-03-22
782,bburgiselp@free.fr,776,2019-02-25
784,kkinchinlr@mediafire.com,284,2019-12-10
786,mmargiottalt@fotki.com,78,2020-04-28
791,dchingely@toplist.cz,580,2020-04-01
792,tyoselofflz@ebay.co.uk,150,2020-04-13
793,vholleworthm0@unblog.fr,882,2019-01-02
794,dshavesm1@freewebs.com,986,2020-09-24
798,tneesonm5@reuters.com,750,2019-01-16
799,lsifleetm6@wp.com,732,2019-11-01
801,molechnowiczm8@multiply.com,243,2019-12-07
802,rpinchingm9@wix.com,806,2019-03-14
803,ralbasinima@census.gov,76,2019-12-19
804,sgiabuzzimb@sogou.com,44,2019-06-24
805,jpentecustmc@nifty.com,332,2019-08-05
808,ngarritymf@cisco.com,592,2020-06-16
809,agaskoinmg@narod.ru,5,2020-11-27
810,jhamptonmh@meetup.com,459,2020-09-01
813,tchancemk@google.de,987,2020-05-29
815,apuckinghornemm@webs.com,851,2019-11-29
816,cmabermn@cnbc.com,751,2020-05-16
819,usandbatchmq@google.fr,497,2020-01-15
823,cjolliffemu@slideshare.net,681,2019-03-19
825,celsmoremw@google.de,422,2020-09-12
827,asevernsmy@house.gov,944,2020-02-13
832,jambern3@abc.net.au,3,2020-02-28
834,jvarcoen5@hibu.com,897,2020-02-04
835,sbortolomein6@facebook.com,129,2019-08-05
838,wagottn9@dion.ne.jp,395,2019-07-04
840,anovisnb@ning.com,178,2019-06-21
844,mmacknockernf@addthis.com,849,2020-01-25
846,kfrandsennh@shutterfly.com,179,2020-05-18
847,swashni@desdev.cn,589,2020-02-27
848,aseniournj@thetimes.co.uk,844,2020-06-01
849,ssheldrakenk@netlog.com,688,2019-06-26
850,fleckienl@redcross.org,987,2019-04-22
853,tmaccrossanno@hexun.com,988,2019-08-25
860,brobersonnv@independent.co.uk,460,2019-11-11
861,jhaetnw@yolasite.com,947,2020-12-18
862,tbartoszinskinx@infoseek.co.jp,106,2019-09-24
863,gfainny@mapy.cz,272,2019-09-19
868,apennyo3@unc.edu,24,2019-05-01
870,kpervoeo5@godaddy.com,527,2020-04-19
876,aklejinob@skyrock.com,436,2019-05-05
883,ejancaroi@infoseek.co.jp,245,2020-07-03
885,sdorwardok@altervista.org,973,2019-05-24
887,folyhaneom@youku.com,173,2020-07-30
888,mdraperon@goo.gl,742,2019-03-29
890,btabererop@slideshare.net,776,2019-10-18
896,cfolkerov@go.com,347,2019-09-29
897,tkeffordow@blinklist.com,797,2020-06-23
908,ewalderp7@wired.com,389,2019-12-07
910,dkeemsp9@wunderground.com,861,2019-09-11
912,lflisherpb@who.int,854,2020-07-29
915,mmaherpe@engadget.com,851,2019-01-30
918,eyoxenph@economist.com,476,2019-04-14
922,iduddenpl@blogspot.com,348,2019-08-30
923,ekrammerpm@linkedin.com,623,2020-09-29
924,hcoilspn@paginegialle.it,127,2019-01-31
925,cciobutarupo@mit.edu,490,2019-10-29
926,pllewellenpp@buzzfeed.com,196,2019-01-20
931,tgommpu@mit.edu,518,2020-12-28
932,vsaulpv@answers.com,398,2019-02-06
935,djuarespy@weebly.com,915,2020-06-19
936,fchomiszewskipz@squarespace.co,954,2020-03-30
939,bhawkeridgeq2@fema.gov,266,2020-04-01
941,pcaldicotq4@ocn.ne.jp,371,2019-02-26
944,apfaffeq7@goo.ne.jp,907,2020-06-10
946,tcheetamq9@spiegel.de,130,2020-06-17
948,lweyqb@flavors.me,972,2019-12-08
949,hgribbenqc@sohu.com,224,2020-12-11
951,hmcphadenqe@foxnews.com,589,2020-04-24
954,dcrickmoreqh@yahoo.com,283,2019-08-11
955,idempseyqi@foxnews.com,815,2019-01-28
958,svandaleql@wunderground.com,652,2019-02-13
965,cpietzqs@theguardian.com,643,2019-10-28
969,platesqw@apple.com,611,2019-12-03
970,jclemendetqx@paypal.com,136,2019-03-07
971,cburttqy@abc.net.au,269,2020-01-29
976,mganfordr3@g.co,332,2019-05-17
980,rwigfieldr7@mlb.com,349,2019-06-26
984,ccaukillrb@yale.edu,431,2020-01-29
990,llangranrh@wikimedia.org,115,2019-03-17
991,msteggalsri@marketwatch.com,558,2020-09-17
995,cwellardrm@jalbum.net,122,2020-04-04
996,arosrn@scribd.com,693,2019-02-04
1000,fsmeuinrr@nba.com,934,2020-09-04
